{"cameraMode":{"drawMode":0,"name":"Shaded","section":"Shading Mode"},"sceneLighting":false,"audioPlay":false,"sceneViewState":{"showFog":true,"showMaterialUpdate":false,"showSkybox":false,"showFlares":true,"showImageEffects":true,"showParticleSystems":true},"in2DMode":false,"pivot":{"x":2.886669635772705,"y":0.012423276901245118,"z":0.9166594743728638},"rotation":{"x":0.5197812914848328,"y":0.2814931869506836,"z":-0.1864548623561859,"w":0.7847728133201599},"size":1.5479488372802735,"orthographic":false}